time,latitude,longitude,depth,mag,magType,nst,gap,dmin,rms,net,id,updated,place,type,horizontalError,depthError,magError,magNst,status,locationSource,magSource
2021-04-25T15:35:48.960Z,39.1246681,-120.0390015,-1.72,2.79,md,19,55,0.107,0.16,nc,nc73554390,2021-04-25T15:38:08.263Z,"9km SE of Dollar Point, CA",earthquake,0.38,4.16,0.29,13,automatic,nc,nc
2021-04-25T15:33:23.830Z,39.1373329,-120.0458298,-2.03,3.79,mw,85,56,,0.46,nc,nc73554385,2021-04-25T15:38:52.100Z,"7km SE of Dollar Point, CA",earthquake,0.32,1.44,,3,automatic,nc,nc
2021-04-25T15:31:55.461Z,61.2128,-147.0324,0,1.5,ml,,,,0.8,ak,ak0215afx6ay,2021-04-25T15:35:51.929Z,"37 km WNW of Valdez, Alaska",earthquake,,0.2,,,automatic,ak,ak
2021-04-25T15:14:44.158Z,61.8146,-152.239,10.2,1.5,ml,,,,0.87,ak,ak0215afti9l,2021-04-25T15:34:11.566Z,"48 km WSW of Skwentna, Alaska",earthquake,,0.3,,,automatic,ak,ak
2021-04-25T15:12:29.946Z,61.151,-147.2011,0,1.7,ml,,,,1.37,ak,ak0215aft1nr,2021-04-25T15:18:49.291Z,"42 km NW of Tatitlek, Alaska",earthquake,,0.6,,,automatic,ak,ak
2021-04-25T15:07:46.824Z,62.2292,-151.7725,99.8,1.4,ml,,,,0.58,ak,ak0215afs0jm,2021-04-25T15:15:28.206Z,"33 km NW of Skwentna, Alaska",earthquake,,0.8,,,automatic,ak,ak
2021-04-25T15:05:02.360Z,38.1653,-117.9757,2.9,0.9,ml,8,97.26,0.03,0.11,nn,nn00805750,2021-04-25T15:34:23.560Z,"27 km SSE of Mina, Nevada",earthquake,,2.1,,,automatic,nn,nn
2021-04-25T15:02:48.050Z,19.2098331451416,-155.38200378418,33.060001373291,2.13000011,md,41,158,,0.170000002,hv,hv72440887,2021-04-25T15:06:04.830Z,"10 km E of Pāhala, Hawaii",earthquake,0.54,0.930000007,0.129999995,5,automatic,hv,hv
2021-04-25T14:48:04.054Z,14.1249,-91.2411,42.97,4.2,mb,,187,0.592,0.18,us,us6000e4nv,2021-04-25T15:33:06.040Z,"10 km SE of Nueva Concepción, Guatemala",earthquake,6.3,25.3,0.263,4,reviewed,us,us
2021-04-25T14:45:44.478Z,65.4376,-144.7747,1,1.3,ml,,,,0.59,ak,ak0215afepwv,2021-04-25T14:49:12.096Z,"15 km S of Central, Alaska",earthquake,,0.3,,,automatic,ak,ak
2021-04-25T14:44:56.800Z,19.1868324279785,-155.460494995117,36.1399993896484,1.76999998,md,39,116,,0.119999997,hv,hv72440872,2021-04-25T14:48:03.730Z,"2 km SE of Pāhala, Hawaii",earthquake,0.68,0.949999988,1.76999998,4,automatic,hv,hv
2021-04-25T14:44:02.576Z,61.7175,-150.0397,48.2,1.2,ml,,,,0.54,ak,ak0215afeez4,2021-04-25T14:52:22.672Z,"Southern Alaska",earthquake,,0.6,,,automatic,ak,ak
2021-04-25T14:34:29.320Z,38.7939987,-122.7823334,3.39,1.14,md,30,78,0.00444,0.03,nc,nc73554370,2021-04-25T15:05:05.696Z,"3km NW of The Geysers, CA",earthquake,0.23,0.45,0.08,7,automatic,nc,nc
2021-04-25T14:31:01.460Z,47.561,-122.473166666667,25.56,1.69,ml,36,47,0.1275,0.43,uw,uw61717902,2021-04-25T14:54:16.970Z,"5 km E of Manchester, Washington",earthquake,0.43,1.05,0.249452378275556,19,reviewed,uw,uw
2021-04-25T14:17:36.980Z,19.2376670837402,-155.402160644531,33.8600006103516,2.02999997,md,46,123,,0.129999995,hv,hv72440857,2021-04-25T14:20:48.610Z,"8 km ENE of Pāhala, Hawaii",earthquake,0.55,0.75,0.810000002,23,automatic,hv,hv
2021-04-25T14:12:46.919Z,61.6484,-152.1797,126.3,1.2,ml,,,,0.46,ak,ak0215af7o9a,2021-04-25T15:15:27.918Z,"56 km SW of Skwentna, Alaska",earthquake,,0.5,,,reviewed,ak,ak
2021-04-25T14:01:37.780Z,17.932,-66.904,12,3.09,md,24,208,0.0497,0.13,pr,pr2021115006,2021-04-25T15:14:14.040Z,"4 km S of Guánica, Puerto Rico",earthquake,0.59,0.39,0.15,21,reviewed,pr,pr
2021-04-25T13:54:48.388Z,64.7465,-146.7634,0,1.3,ml,,,,0.61,ak,ak0215aev81u,2021-04-25T14:00:26.566Z,"15 km SSE of Pleasant Valley, Alaska",earthquake,,0.4,,,automatic,ak,ak
2021-04-25T13:49:57.541Z,60.6856,-148.5508,15.2,1.5,ml,,,,0.93,ak,ak0215aeu66v,2021-04-25T13:54:55.336Z,"12 km SE of Whittier, Alaska",earthquake,,0.2,,,automatic,ak,ak
2021-04-25T13:39:06.948Z,60.6139,-151.0004,5.4,1.3,ml,,,,0.32,ak,ak0215aerx46,2021-04-25T13:42:03.502Z,"10 km NNE of Ridgeway, Alaska",earthquake,,1,,,automatic,ak,ak
2021-04-25T13:31:00.797Z,58.8976,-152.8284,63.4,1.8,ml,,,,0.69,ak,ak0215aeq6wk,2021-04-25T13:35:52.598Z,"72 km SW of Nanwalek, Alaska",earthquake,,1,,,automatic,ak,ak
2021-04-25T13:26:58.070Z,18.9421,-67.738,62,3.45,md,24,186,0.6148,0.79,pr,pr2021115005,2021-04-25T14:19:43.040Z,"80 km ENE of Punta Cana, Dominican Republic",earthquake,2.68,7.18,0.03,10,reviewed,pr,pr
2021-04-25T13:25:35.230Z,33.8086667,-116.0746667,0.82,1,ml,12,109,0.1229,0.19,ci,ci39628407,2021-04-25T13:29:15.114Z,"16km NE of Indio, CA",earthquake,0.36,0.84,0.11,28,automatic,ci,ci
2021-04-25T12:56:20.495Z,-17.404,-69.9127,10,4.3,mb,,127,0.452,0.76,us,us6000e4n5,2021-04-25T14:12:21.862Z,"14 km ENE of Tarata, Peru",earthquake,3.7,1.9,0.188,8,reviewed,us,us
2021-04-25T12:31:23.560Z,34.3628349,-116.93367,4.63,0.68,ml,14,104,0.0891,0.09,ci,ci39628383,2021-04-25T12:34:53.786Z,"10km SSE of Lucerne Valley, CA",earthquake,0.34,1.19,0.263,4,automatic,ci,ci
2021-04-25T12:29:54.600Z,37.8033333,-113.0308333,3.13,2.99,ml,23,81,0.09194,0.19,uu,uu60433862,2021-04-25T14:53:32.129Z,"3 km N of Enoch, Utah",earthquake,0.41,2.78,0.156,23,reviewed,uu,uu
2021-04-25T12:29:28.086Z,17.1826,-46.3416,10,4.9,mb,,67,13.494,0.49,us,us6000e4mz,2021-04-25T12:47:57.040Z,"northern Mid-Atlantic Ridge",earthquake,7.7,1.8,0.066,73,reviewed,us,us
2021-04-25T12:08:41.000Z,38.8018341,-122.7728348,0.74,0.85,md,18,75,0.01032,0.03,nc,nc73554360,2021-04-25T12:39:07.418Z,"3km NNW of The Geysers, CA",earthquake,0.21,0.41,0.02,3,automatic,nc,nc
2021-04-25T12:08:30.620Z,17.9265,-66.8715,11,2.64,md,23,202,0.178,0.13,pr,pr2021115004,2021-04-25T12:32:30.945Z,"6 km SSE of Maria Antonia, Puerto Rico",earthquake,0.51,0.44,0.22,19,reviewed,pr,pr
2021-04-25T11:58:07.016Z,62.5826,-149.2492,32.8,2.2,ml,,,,0.81,ak,ak0215adp4fk,2021-04-25T12:43:56.397Z,"46 km ENE of Chase, Alaska",earthquake,,0.3,,,automatic,ak,ak
2021-04-25T11:51:32.581Z,61.7504,-151.9199,105.4,1.7,ml,,,,0.39,ak,ak0215adnoh7,2021-04-25T11:57:00.038Z,"38 km SW of Skwentna, Alaska",earthquake,,0.6,,,automatic,ak,ak
2021-04-25T11:50:30.808Z,65.0481,-148.7147,18.8,0.6,ml,,,,0.62,ak,ak0215adngmk,2021-04-25T11:53:39.336Z,"31 km ESE of Minto, Alaska",earthquake,,0.2,,,automatic,ak,ak
2021-04-25T11:46:50.090Z,33.9745,-116.9805,8.05,0.82,ml,25,53,0.08151,0.18,ci,ci39628367,2021-04-25T11:50:20.473Z,"5km N of Beaumont, CA",earthquake,0.28,1.43,0.133,22,automatic,ci,ci
2021-04-25T11:44:31.130Z,33.3448333,-116.375,12.34,0.76,ml,28,79,0.05746,0.22,ci,ci39628359,2021-04-25T11:48:03.099Z,"10km N of Borrego Springs, CA",earthquake,0.35,0.72,0.173,18,automatic,ci,ci
2021-04-25T11:32:43.640Z,35.6615,-117.4606667,6.25,1.21,ml,13,190,0.07485,0.15,ci,ci39628351,2021-04-25T11:36:13.343Z,"13km SSW of Searles Valley, CA",earthquake,0.55,1.28,0.122,15,automatic,ci,ci
2021-04-25T11:32:09.128Z,60.7983,-151.6923,63.4,1.1,ml,,,,0.92,ak,ak0215adjk2n,2021-04-25T11:38:57.468Z,"25 km WNW of Nikiski, Alaska",earthquake,,1.2,,,automatic,ak,ak
2021-04-25T11:10:52.520Z,64.8321,-147.4631,5.6,1.1,ml,,,,0.45,ak,ak0215adexno,2021-04-25T11:13:54.091Z,"4 km NE of Badger, Alaska",earthquake,,1.4,,,automatic,ak,ak
2021-04-25T11:09:15.710Z,44.2043333,-114.9753333,1.07,2.6,ml,13,72,0.004,0.28,mb,mb80499114,2021-04-25T15:01:33.590Z,"3 km WSW of Stanley, Idaho",earthquake,0.63,0.58,0.238,16,reviewed,mb,mb
2021-04-25T11:08:21.949Z,36.3074379,-97.3482666,3.800772905,,,10,125.122036,0.07064752281,1.234668175,ok,ok2021ibdk,2021-04-25T11:09:27.239Z,"5 km WNW of Perry, Oklahoma",earthquake,5.227054524,3.737072645,,,automatic,ok,ok
2021-04-25T11:06:10.990Z,38.1783,-117.8628,11.7,0.9,ml,12,109.32,0.025,0.06,nn,nn00805744,2021-04-25T12:31:23.676Z,"31 km SE of Mina, Nevada",earthquake,,2.7,,,automatic,nn,nn
2021-04-25T11:06:07.580Z,34.0343333,-117.2133333,13.56,1,ml,24,81,0.08382,0.15,ci,ci39628343,2021-04-25T11:09:37.298Z,"4km SW of Redlands, CA",earthquake,0.27,0.61,0.148,24,automatic,ci,ci
2021-04-25T11:02:50.890Z,19.2263336181641,-155.397171020508,31.8999996185303,1.82000005,md,36,162,,0.129999995,hv,hv72440727,2021-04-25T11:06:06.690Z,"8 km ENE of Pāhala, Hawaii",earthquake,0.63,0.689999998,1.80999994,6,automatic,hv,hv
2021-04-25T11:02:18.689Z,65.756,-155.1773,9.3,1,ml,,,,0.27,ak,ak0215add5bg,2021-04-25T11:05:12.930Z,"53 km SW of Hughes, Alaska",earthquake,,0.3,,,automatic,ak,ak
2021-04-25T10:46:24.690Z,38.791832,-122.7616653,2.51,1.06,md,16,75,0.008912,0.02,nc,nc73554350,2021-04-25T11:34:06.040Z,"2km NNW of The Geysers, CA",earthquake,0.3,0.64,0.41,3,automatic,nc,nc
2021-04-25T10:46:08.800Z,19.2093334197998,-155.453338623047,35.7599983215332,1.92999995,md,40,141,,0.119999997,hv,hv72440722,2021-04-25T10:49:36.620Z,"2 km ENE of Pāhala, Hawaii",earthquake,0.56,0.610000014,1.16999996,8,automatic,hv,hv
2021-04-25T10:46:05.100Z,33.6976667,-116.7168333,16.74,0.67,ml,22,90,0.01365,0.17,ci,ci39628335,2021-04-25T10:49:42.041Z,"5km S of Idyllwild, CA",earthquake,0.38,0.57,0.141,20,automatic,ci,ci
2021-04-25T10:42:38.420Z,44.8401667,-111.4681667,8.57,1.3,ml,26,52,0.029,0.28,mb,mb80499094,2021-04-25T13:53:17.510Z,"23 km WNW of Hebgen Lake Estates, Montana",earthquake,0.56,0.88,0.154,8,reviewed,mb,mb
2021-04-25T10:30:30.007Z,36.37005234,-97.34638214,1.920456171,2.08,ml,51,55.6629734,0.08804576844,0.5904894329,ok,ok2021ibcd,2021-04-25T13:32:17.283Z,"10 km NNW of Perry, Oklahoma",earthquake,1.694594068,1.30531277,,38,automatic,ok,ok
2021-04-25T10:23:21.682Z,44.2,-114.9781,3.18,3.5,ml,,71,0.008,0.98,us,us6000e4ly,2021-04-25T14:52:59.968Z,"3 km WSW of Stanley, Idaho",earthquake,1.8,2.8,0.034,116,reviewed,us,us
2021-04-25T10:21:55.950Z,33.9256667,-116.7043333,13.83,1.18,ml,49,47,0.1201,0.16,ci,ci39628327,2021-04-25T10:32:41.660Z,"8km E of Cabazon, CA",earthquake,0.19,0.46,0.136,26,automatic,ci,ci
2021-04-25T10:16:05.304Z,60.0603,-153.4336,166.4,2,ml,,,,1.04,ak,ak0215acuor2,2021-04-25T10:29:38.318Z,"48 km NE of Pedro Bay, Alaska",earthquake,,0.6,,,automatic,ak,ak
2021-04-25T10:14:57.820Z,38.822834,-122.8116684,1.47,0.38,md,14,74,0.001366,0.03,nc,nc73554345,2021-04-25T11:08:04.905Z,"7km NW of The Geysers, CA",earthquake,0.27,0.63,0.31,2,automatic,nc,nc
2021-04-25T10:07:17.889Z,62.2167,-145.8066,1,1.8,ml,,,,0.96,ak,ak0215acss99,2021-04-25T10:21:57.224Z,"18 km NW of Glennallen, Alaska",earthquake,,0.3,,,automatic,ak,ak
2021-04-25T10:06:17.817Z,17.5206,145.4908,523.4,4.5,mb,,75,3.954,0.55,us,us6000e4lv,2021-04-25T10:23:04.040Z,"256 km N of Saipan, Northern Mariana Islands",earthquake,11.7,9.6,0.062,78,reviewed,us,us
2021-04-25T10:04:03.562Z,58.3561,-136.8952,22.7,2.4,ml,,,,1.07,ak,ak0215acs3zl,2021-04-25T15:06:05.338Z,"37 km WNW of Elfin Cove, Alaska",ice quake,,0.7,,,automatic,ak,ak
2021-04-25T10:02:14.804Z,14.2724,-93.8735,10,4,mb,,204,2.125,0.61,us,us6000e4ls,2021-04-25T10:26:19.040Z,"150 km SSW of La Esperanza (El Zapotal), Mexico",earthquake,9.7,2,0.113,21,reviewed,us,us
2021-04-25T10:00:46.904Z,63.5616,-147.3417,3,1.2,ml,,,,0.68,ak,ak0215acrchb,2021-04-25T10:16:35.734Z,"80 km ESE of McKinley Park, Alaska",earthquake,,0.3,,,automatic,ak,ak
2021-04-25T10:00:26.300Z,35.9081667,-117.6758333,9.9,0.97,ml,14,80,0.04471,0.11,ci,ci39628319,2021-04-25T10:03:56.068Z,"21km E of Little Lake, CA",earthquake,0.33,0.82,0.108,7,automatic,ci,ci
2021-04-25T09:48:48.800Z,17.8551,-66.8976,17,2.56,md,16,247,0.1859,0.16,pr,pr2021115003,2021-04-25T10:16:13.610Z,"12 km S of Guánica, Puerto Rico",earthquake,0.77,0.62,0.08,13,reviewed,pr,pr
2021-04-25T09:45:16.860Z,38.8325005,-122.8164978,1.36,1.1,md,22,47,0.01038,0.02,nc,nc73554330,2021-04-25T11:09:07.911Z,"8km NW of The Geysers, CA",earthquake,0.19,0.44,0.06,3,automatic,nc,nc
2021-04-25T09:42:39.343Z,44.2811,-115.0447,5.78,2.7,ml,,66,0.09,0.7,us,us6000e4ll,2021-04-25T10:42:25.707Z,"11 km NW of Stanley, Idaho",earthquake,4.8,7.4,0.047,60,reviewed,us,us
2021-04-25T09:40:57.378Z,62.23,-147.2821,19.9,2.4,ml,,,,0.76,ak,ak0215aceiar,2021-04-25T10:08:22.040Z,"33 km N of Eureka Roadhouse, Alaska",earthquake,,0.5,,,automatic,ak,ak
2021-04-25T09:39:37.609Z,62.2267,-145.806,0,2.4,ml,,,,1.04,ak,ak0215ace93f,2021-04-25T10:13:50.040Z,"18 km NW of Glennallen, Alaska",earthquake,,0.3,,,automatic,ak,ak
2021-04-25T09:32:48.220Z,38.1987,-117.734,8.3,1.4,ml,18,121.64,0.034,0.14,nn,nn00805741,2021-04-25T11:07:45.604Z,"39 km ESE of Mina, Nevada",earthquake,,3.3,,,automatic,nn,nn
2021-04-25T09:29:39.040Z,33.49,-116.79,6.15,2.03,ml,79,18,0.02393,0.2,ci,ci39628303,2021-04-25T09:40:29.860Z,"9km NE of Aguanga, CA",earthquake,0.17,0.49,0.127,25,automatic,ci,ci
2021-04-25T09:25:19.043Z,61.5314,-149.8837,38.5,1.2,ml,,,,0.4,ak,ak0215acb7l9,2021-04-25T09:29:27.707Z,"3 km ENE of Big Lake, Alaska",earthquake,,0.7,,,automatic,ak,ak
2021-04-25T09:24:36.340Z,38.1518,-117.8753,13.3,1,ml,14,74.89,0.021,0.13,nn,nn00805738,2021-04-25T09:33:43.206Z,"33 km SE of Mina, Nevada",earthquake,,1.1,,,automatic,nn,nn
2021-04-25T09:22:06.235Z,60.678,-151.6255,80,1.2,ml,,,,0.31,ak,ak0215acajii,2021-04-25T09:27:47.167Z,"18 km WNW of Salamatof, Alaska",earthquake,,1.1,,,automatic,ak,ak
2021-04-25T09:17:26.090Z,38.8341675,-122.8081665,1.88,0.84,md,13,62,0.01086,0.02,nc,nc73554310,2021-04-25T10:28:06.663Z,"8km W of Cobb, CA",earthquake,0.3,0.64,,2,automatic,nc,nc
2021-04-25T09:07:51.563Z,59.5437,-152.4201,78.4,1,ml,,,,0.22,ak,ak0215ac7f84,2021-04-25T09:10:55.008Z,"35 km NW of Nanwalek, Alaska",earthquake,,1.1,,,automatic,ak,ak
2021-04-25T08:40:17.190Z,19.3635005950928,-155.012664794922,-0.209999993443489,1.87,ml,34,191,,0.219999999,hv,hv72440592,2021-04-25T08:45:48.800Z,"15 km SW of Leilani Estates, Hawaii",earthquake,0.83,0.270000011,0.5,3,automatic,hv,hv
2021-04-25T08:37:46.751Z,65.1677,-152.7364,8,1,ml,,,,1.31,ak,ak0215abseqh,2021-04-25T08:43:11.674Z,"30 km W of Tanana, Alaska",earthquake,,0.4,,,automatic,ak,ak
2021-04-25T08:34:18.450Z,38.8359985,-122.8081665,2.1,0.36,md,9,107,0.01267,0.01,nc,nc73554295,2021-04-25T08:55:05.070Z,"8km WNW of Cobb, CA",earthquake,0.55,0.91,,1,automatic,nc,nc
2021-04-25T08:33:12.504Z,62.3231,-151.1142,78.3,1.3,ml,,,,0.33,ak,ak0215abrh82,2021-04-25T08:41:01.073Z,"26 km SW of Petersville, Alaska",earthquake,,0.9,,,automatic,ak,ak
2021-04-25T08:28:02.170Z,38.7928352,-122.7628326,2.71,0.21,md,8,89,0.008152,0.02,nc,nc73554285,2021-04-25T08:44:04.998Z,"2km NNW of The Geysers, CA",earthquake,0.4,1.56,0.16,2,automatic,nc,nc
2021-04-25T08:26:16.050Z,38.7890015,-122.760498,2.62,2.34,md,56,55,0.01162,0.07,nc,nc73554280,2021-04-25T09:35:08.325Z,"1km NNW of The Geysers, CA",earthquake,0.15,0.28,0.13,33,automatic,nc,nc
2021-04-25T08:23:40.640Z,19.2411670684814,-155.401168823242,32.0699996948242,2.16,ml,50,79,,0.129999995,hv,hv72440582,2021-04-25T08:47:39.040Z,"9 km ENE of Pāhala, Hawaii",earthquake,0.55,0.730000019,3.19,8,automatic,hv,hv
2021-04-25T08:21:38.435Z,62.251,-145.7711,0,3.3,ml,,,,1.02,ak,ak0215aboyl3,2021-04-25T15:34:32.125Z,"19 km NW of Glennallen, Alaska",earthquake,,0.4,,,automatic,ak,ak
2021-04-25T08:11:43.470Z,38.8110008,-122.8290024,1.03,0.85,md,9,160,0.002134,0.02,nc,nc73554275,2021-04-25T09:19:08.228Z,"7km WNW of The Geysers, CA",earthquake,0.38,0.81,,1,automatic,nc,nc
2021-04-25T08:08:44.297Z,64.8366,-149.0145,15.7,1,ml,,,,0.54,ak,ak0215abm6s0,2021-04-25T08:13:36.870Z,"26 km N of Four Mile Road, Alaska",earthquake,,0.3,,,automatic,ak,ak
2021-04-25T08:03:00.411Z,36.36951447,-97.34934235,3.440349579,1.62,ml,29,92.09785461,0.08580097556,0.2583695962,ok,ok2021iaxh,2021-04-25T08:06:24.026Z,"10 km NNW of Perry, Oklahoma",earthquake,2.354900331,1.72816214,,23,automatic,ok,ok
2021-04-25T08:00:59.628Z,62.2915,-151.6979,6.9,1.1,ml,,,,0.74,ak,ak0215abkley,2021-04-25T08:11:26.268Z,"37 km NNW of Skwentna, Alaska",earthquake,,0.5,,,automatic,ak,ak
2021-04-25T07:53:16.640Z,33.4521667,-116.5653333,13.05,0.54,ml,16,116,0.0936,0.16,ci,ci39628279,2021-04-25T07:56:44.016Z,"15km SE of Anza, CA",earthquake,0.39,0.8,0.142,10,automatic,ci,ci
2021-04-25T07:50:28.710Z,33.9990005,-116.7938309,8.29,1.3,ml,57,29,0.08542,0.15,ci,ci39628271,2021-04-25T08:01:20.780Z,"9km N of Cabazon, CA",earthquake,0.23,0.65,0.187,11,automatic,ci,ci
2021-04-25T07:47:21.725Z,64.9005,-148.6416,6,1.2,ml,,,,0.78,ak,ak0215ab92cs,2021-04-25T08:04:35.100Z,"30 km W of Ester, Alaska",earthquake,,0.3,,,automatic,ak,ak
2021-04-25T07:47:06.550Z,33.8038333,-116.0766667,1.36,0.85,ml,15,108,0.1456,0.22,ci,ci39628263,2021-04-25T07:50:43.137Z,"16km NE of Indio, CA",earthquake,0.48,0.7,0.118,14,automatic,ci,ci
2021-04-25T07:44:04.380Z,38.8149986,-122.8054962,2.07,0.84,md,9,85,0.009115,0.02,nc,nc73554270,2021-04-25T08:53:07.058Z,"6km NW of The Geysers, CA",earthquake,0.46,1.15,,1,automatic,nc,nc
2021-04-25T07:32:11.300Z,35.7938333,-117.6253333,11.15,1.23,ml,11,102,0.03145,0.15,ci,ci39628255,2021-04-25T07:35:48.884Z,"20km NNE of Ridgecrest, CA",earthquake,0.37,0.69,0.285,11,automatic,ci,ci
2021-04-25T07:18:19.894Z,64.0041,-148.9899,33,1.4,ml,,,,1.49,ak,ak0215ab2ugi,2021-04-25T07:23:49.873Z,"6 km ESE of Ferry, Alaska",earthquake,,0.4,,,automatic,ak,ak
2021-04-25T07:17:36.480Z,38.2183,-117.8463,12.6,0.7,ml,9,106.71,0.022,0.04,nn,nn00805737,2021-04-25T09:25:44.882Z,"29 km SE of Mina, Nevada",earthquake,,6.8,,,automatic,nn,nn
2021-04-25T07:14:13.970Z,32.96,-115.7086667,2.43,1.31,ml,9,173,0.1321,0.18,ci,ci39628239,2021-04-25T07:17:56.978Z,"12km SW of Westmorland, CA",earthquake,0.81,0.98,0.348,13,automatic,ci,ci
2021-04-25T07:11:36.120Z,19.236665725708,-155.404998779297,31.5699996948242,2.02999997,md,35,131,,0.129999995,hv,hv72440522,2021-04-25T07:14:47.230Z,"8 km ENE of Pāhala, Hawaii",earthquake,0.6,0.649999976,0.949999988,7,automatic,hv,hv
2021-04-25T06:57:12.319Z,62.1021,-150.4224,50.8,1,ml,,,,0.57,ak,ak0215aapr6n,2021-04-25T07:07:27.740Z,"25 km SSW of Trapper Creek, Alaska",earthquake,,2.9,,,automatic,ak,ak
2021-04-25T06:53:30.905Z,62.771,-150.2178,89.9,1.3,ml,,,,0.37,ak,ak0215aaoxqr,2021-04-25T07:00:06.318Z,"36 km N of Chase, Alaska",earthquake,,0.6,,,automatic,ak,ak
2021-04-25T06:51:16.081Z,61.9627,-149.5621,26.5,1,ml,,,,0.39,ak,ak0215aaoh6j,2021-04-25T06:58:25.814Z,"26 km SE of Susitna North, Alaska",earthquake,,0.3,,,automatic,ak,ak
2021-04-25T06:51:02.260Z,33.6783333,-116.7578333,15.28,0.69,ml,27,64,0.07658,0.18,ci,ci39628223,2021-04-25T06:54:36.791Z,"8km SSW of Idyllwild, CA",earthquake,0.42,0.55,0.163,15,automatic,ci,ci
2021-04-25T06:46:42.240Z,19.2256660461426,-155.344833374023,-0.589999973773956,1.75,md,26,165,,0.270000011,hv,hv72440497,2021-04-25T06:49:55.090Z,"14 km E of Pāhala, Hawaii",earthquake,0.81,0.289999992,0.610000014,11,automatic,hv,hv
2021-04-25T06:39:15.000Z,19.3401660919189,-155.193161010742,3.84999990463257,1.78,ml,38,76,,0.159999996,hv,hv72440487,2021-04-25T06:44:45.580Z,"12 km SSE of Volcano, Hawaii",earthquake,0.36,2.29999995,0.27,9,automatic,hv,hv
2021-04-25T06:33:59.881Z,60.9134,-151.7901,92.9,1.4,ml,,,,0.69,ak,ak0215aakss5,2021-04-25T06:54:04.819Z,"36 km NW of Nikiski, Alaska",earthquake,,0.5,,,automatic,ak,ak
2021-04-25T06:33:22.241Z,0.312,122.3,128.8,4.5,mb,,55,1.425,0.67,us,us6000e4kn,2021-04-25T06:57:20.040Z,"88 km WSW of Gorontalo, Indonesia",earthquake,7.9,7.9,0.077,50,reviewed,us,us
2021-04-25T06:30:40.736Z,31.6108,-104.5439,5,2.7,ml,,76,0.068,0.38,us,us6000e4kk,2021-04-25T06:43:12.040Z,"64 km SSW of Whites City, New Mexico",earthquake,1.4,1.5,0.053,66,reviewed,us,us
2021-04-25T06:29:50.820Z,36.1301667,-117.8388333,2.52,1.69,ml,23,52,0.01806,0.2,ci,ci39628207,2021-04-25T06:33:32.670Z,"14km NE of Coso Junction, CA",earthquake,0.38,0.56,0.207,22,automatic,ci,ci
2021-04-25T06:29:48.870Z,38.8126678,-122.805336,2.16,0.84,md,13,56,0.009136,0.03,nc,nc73554250,2021-04-25T07:46:07.669Z,"6km NW of The Geysers, CA",earthquake,0.32,0.82,,1,automatic,nc,nc
2021-04-25T06:28:14.950Z,17.9075,-66.8586,14,2.77,md,21,205,0.1957,0.11,pr,pr2021115002,2021-04-25T07:16:42.198Z,"8 km SSE of Maria Antonia, Puerto Rico",earthquake,0.44,0.54,0.3,15,reviewed,pr,pr
2021-04-25T06:25:43.150Z,61.1135,-150.2831,42.1,0.9,ml,,,,0.49,ak,ak0215aaiyne,2021-04-25T06:31:21.576Z,"23 km WSW of Anchorage, Alaska",earthquake,,0.7,,,automatic,ak,ak
2021-04-25T06:20:16.948Z,60.7199,-147.4022,17.3,1.4,ml,,,,0.7,ak,ak0215aahu1q,2021-04-25T06:25:30.598Z,"42 km WSW of Tatitlek, Alaska",earthquake,,0.2,,,automatic,ak,ak
2021-04-25T06:17:52.550Z,33.8068333,-116.0795,1.85,2.46,ml,57,46,0.1187,0.2,ci,ci39628191,2021-04-25T06:29:22.040Z,"16km NE of Indio, CA",earthquake,0.2,0.45,0.146,25,automatic,ci,ci
2021-04-25T05:55:19.750Z,39.0283318,-123.0511703,7.9,1.83,md,14,107,0.2005,0.07,nc,nc73554235,2021-04-25T06:53:07.335Z,"12km W of Lakeport, CA",earthquake,0.48,2.75,0.05,6,automatic,nc,nc
2021-04-25T05:48:18.990Z,32.9581667,-115.5553333,10.4,2.48,ml,39,39,0.05672,0.32,ci,ci39628183,2021-04-25T06:29:19.516Z,"3km SW of Brawley, CA",earthquake,0.41,0.89,0.23,25,automatic,ci,ci
2021-04-25T05:48:03.790Z,19.3474998474121,-155.188003540039,1.02999997138977,1.93,ml,42,92,,0.209999993,hv,hv72440432,2021-04-25T05:53:33.720Z,"11 km SSE of Volcano, Hawaii",earthquake,0.33,0.460000008,0.6,14,automatic,hv,hv
2021-04-25T05:43:02.085Z,61.1111,-150.5768,42.8,1.3,ml,,,,0.42,ak,ak0215aa1arg,2021-04-25T06:23:50.088Z,"21 km NNE of Point Possession, Alaska",earthquake,,0.7,,,automatic,ak,ak
2021-04-25T05:31:58.580Z,33.8063333,-116.0783333,0.79,2.56,ml,56,47,0.1196,0.23,ci,ci39628175,2021-04-25T05:56:08.040Z,"16km NE of Indio, CA",earthquake,0.22,0.49,0.181,26,automatic,ci,ci
2021-04-25T05:25:41.720Z,33.4555,-116.5671667,12.63,0.78,ml,31,46,0.04972,0.17,ci,ci39628167,2021-04-25T05:29:14.947Z,"15km SE of Anza, CA",earthquake,0.25,0.5,0.163,20,automatic,ci,ci
2021-04-25T05:25:16.756Z,61.0798,-148.4913,0,1.5,ml,,,,0.98,ak,ak0215a9xgrm,2021-04-25T15:00:43.928Z,"35 km NNE of Whittier, Alaska",ice quake,,0.4,,,automatic,ak,ak
2021-04-25T05:22:03.559Z,62.4537,-150.5963,55.9,1.8,ml,,,,0.39,ak,ak0215a9wst6,2021-04-25T05:28:32.307Z,"9 km ESE of Petersville, Alaska",earthquake,,1.3,,,automatic,ak,ak
2021-04-25T05:21:13.363Z,66.0191,-163.3772,0.3,2.1,ml,,,,0.64,ak,ak0215a9wlvs,2021-04-25T05:30:12.863Z,"30 km WSW of Deering, Alaska",earthquake,,0.3,,,automatic,ak,ak
2021-04-25T05:16:18.849Z,61.5217,-149.9091,36,1.2,ml,,,,0.57,ak,ak0215a9vjq4,2021-04-25T05:30:12.686Z,"2 km E of Big Lake, Alaska",earthquake,,0.7,,,automatic,ak,ak
2021-04-25T05:11:13.250Z,38.8074989,-122.7961655,2.09,0.34,md,8,77,0.0008207,0.02,nc,nc73554220,2021-04-25T05:22:07.719Z,"5km NW of The Geysers, CA",earthquake,0.51,0.95,,1,automatic,nc,nc
2021-04-25T05:04:11.257Z,60.0994,-152.2494,31.6,0.9,ml,,,,0.48,ak,ak0215a9syjp,2021-04-25T05:07:28.059Z,"32 km W of Ninilchik, Alaska",earthquake,,1.9,,,automatic,ak,ak
2021-04-25T05:00:39.870Z,37.2666664,-121.6415024,5.8,2.43,md,35,63,0.1037,0.06,nc,nc73554210,2021-04-25T10:54:21.433Z,"15km N of Morgan Hill, CA",earthquake,0.12,0.44,0.22,30,automatic,nc,nc
2021-04-25T04:59:28.510Z,37.267,-121.6395,7.66,3.61,mw,183,33,0.07455,0.09,nc,nc73554215,2021-04-25T15:35:43.223Z,"15km N of Morgan Hill, CA",earthquake,0.08,0.2,,3,reviewed,nc,nc
2021-04-25T04:54:30.223Z,63.1301,-150.0004,97.8,0.9,ml,,,,0.18,ak,ak0215a9ia7i,2021-04-25T04:57:46.786Z,"Central Alaska",earthquake,,1.1,,,automatic,ak,ak
2021-04-25T04:47:10.787Z,64.6309,-146.9344,14,0.6,ml,,,,0.22,ak,ak0215a9gqp2,2021-04-25T04:50:25.417Z,"6 km ESE of Eielson Air Force Base, Alaska",earthquake,,0.4,,,automatic,ak,ak
2021-04-25T04:44:06.743Z,61.3384,-150.1081,43.3,1.1,ml,,,,0.51,ak,ak0215a9g38i,2021-04-25T04:57:46.613Z,"7 km WSW of Point MacKenzie, Alaska",earthquake,,0.8,,,automatic,ak,ak
2021-04-25T04:41:46.466Z,61.3004,-152.218,0.1,0.7,ml,,,,0.34,ak,ak0215a9fj5k,2021-04-25T04:46:14.706Z,"63 km WNW of Beluga, Alaska",earthquake,,0.5,,,automatic,ak,ak
2021-04-25T04:32:30.200Z,38.1153,-118.257,1.2,1.2,ml,10,180.63,0.152,0.41,nn,nn00805730,2021-04-25T05:01:01.046Z,"33 km SSW of Mina, Nevada",earthquake,,28.6,,,automatic,nn,nn
2021-04-25T04:20:01.723Z,68.7357,-147.326,0,1.7,ml,,,,0.92,ak,ak0215a9axnr,2021-04-25T04:23:50.728Z,"99 km NW of Arctic Village, Alaska",earthquake,,0.3,,,automatic,ak,ak
2021-04-25T04:19:51.080Z,36.2016667,-118.1908333,5.6,1.25,ml,14,74,0.254,0.17,ci,ci39628135,2021-04-25T04:23:23.408Z,"19km WSW of Olancha, CA",earthquake,0.37,2.97,0.209,12,automatic,ci,ci
2021-04-25T04:16:44.340Z,33.4995,-116.5003333,10.08,0.44,ml,15,65,0.06327,0.15,ci,ci39628127,2021-04-25T04:20:20.917Z,"17km ESE of Anza, CA",earthquake,0.3,0.73,0.197,9,automatic,ci,ci
2021-04-25T04:00:39.650Z,36.0085,-117.923,2.79,1.39,ml,16,109,0.02644,0.13,ci,ci39628103,2021-04-25T04:04:15.623Z,"5km SSE of Coso Junction, CA",earthquake,0.36,0.67,0.192,19,automatic,ci,ci
2021-04-25T03:50:37.080Z,46.1046667,-111.7703333,13.69,1.11,ml,11,114,0.393,0.25,mb,mb80499034,2021-04-25T14:01:27.390Z,"14 km SW of Radersburg, Montana",earthquake,0.59,1.45,0.149,4,reviewed,mb,mb
2021-04-25T03:46:49.520Z,38.8238335,-122.8443298,2.04,0.75,md,12,81,0.0073,0.01,nc,nc73554195,2021-04-25T05:03:07.604Z,"9km NW of The Geysers, CA",earthquake,0.35,0.53,0.11,2,automatic,nc,nc
2021-04-25T03:39:07.060Z,46.896,-112.5146667,14,0.84,ml,12,90,0.054,0.17,mb,mb80499029,2021-04-25T14:10:08.000Z,"14 km ESE of Lincoln, Montana",earthquake,0.53,0.63,0.299,4,reviewed,mb,mb
2021-04-25T03:20:01.829Z,60.5976,-147.5235,16.2,1.1,ml,,,,0.81,ak,ak0215a8pi2e,2021-04-25T03:36:05.118Z,"54 km WSW of Tatitlek, Alaska",earthquake,,0.3,,,automatic,ak,ak
2021-04-25T03:16:11.230Z,38.8148346,-122.8216629,2.98,0.85,md,8,97,0.008365,0.01,nc,nc73554190,2021-04-25T04:37:06.452Z,"7km NW of The Geysers, CA",earthquake,0.61,1.9,,1,automatic,nc,nc
2021-04-25T03:15:29.543Z,69.622,-144.2422,0.1,2.8,ml,,,,0.92,ak,ak0215a8ohnk,2021-04-25T03:36:04.934Z,"61 km SSW of Kaktovik, Alaska",earthquake,,0.6,,,automatic,ak,ak
2021-04-25T03:15:23.280Z,33.8043333,-116.0876667,0.59,1.37,ml,28,130,0.1117,0.29,ci,ci39628087,2021-04-25T03:19:01.370Z,"15km NE of Indio, CA",earthquake,0.47,31.61,0.123,25,automatic,ci,ci
2021-04-25T03:12:55.350Z,38.8168335,-122.8258362,4.7,0.85,md,6,224,0.008371,0.01,nc,nc73554185,2021-04-25T04:10:07.315Z,"8km NW of The Geysers, CA",earthquake,2.15,5.99,,1,automatic,nc,nc
2021-04-25T03:04:38.080Z,19.2385005950928,-155.399002075195,32.3300018310547,2,md,30,91,,0.129999995,hv,hv72440197,2021-04-25T03:07:54.100Z,"9 km ENE of Pāhala, Hawaii",earthquake,0.61,0.720000029,0.129999995,5,automatic,hv,hv
2021-04-25T03:02:38.107Z,59.3612,-153.4108,107.1,1.6,ml,,,,0.83,ak,ak0215a8lpoq,2021-04-25T03:06:20.585Z,"61 km SE of Pedro Bay, Alaska",earthquake,,0.5,,,automatic,ak,ak
2021-04-25T02:46:10.700Z,38.7806664,-122.7223358,2.03,0.84,md,14,82,0.01154,0.02,nc,nc73554165,2021-04-25T03:02:07.843Z,"3km WNW of Anderson Springs, CA",earthquake,0.3,0.67,0.02,4,automatic,nc,nc
2021-04-25T02:45:43.180Z,38.8196678,-122.8410034,2.36,0.36,md,9,94,0.005799,0.01,nc,nc73554160,2021-04-25T03:44:07.147Z,"9km WNW of The Geysers, CA",earthquake,0.46,1.06,,1,automatic,nc,nc
2021-04-25T02:39:44.810Z,38.8328323,-122.7904968,1.55,0.36,md,8,72,0.00557,0.01,nc,nc73554155,2021-04-25T02:54:05.799Z,"6km WNW of Cobb, CA",earthquake,0.42,1.33,,1,automatic,nc,nc
2021-04-25T02:36:04.610Z,36.0033333,-117.9201667,2.99,1.19,ml,14,97,0.02453,0.1,ci,ci39628079,2021-04-25T02:39:32.350Z,"5km SSE of Coso Junction, CA",earthquake,0.27,0.48,0.136,16,automatic,ci,ci
2021-04-25T02:34:28.133Z,67.456,-159.3537,0,2,ml,,,,0.97,ak,ak0215a874hp,2021-04-25T02:47:38.262Z,"70 km NE of Kiana, Alaska",earthquake,,0.6,,,automatic,ak,ak
2021-04-25T02:27:22.981Z,60.2679,-141.4604,0.1,1.3,ml,,,,1.21,ak,ak0215a85m3u,2021-04-25T04:28:52.067Z,"125 km NW of Yakutat, Alaska",ice quake,,0.5,,,automatic,ak,ak
2021-04-25T02:17:19.640Z,35.8945,-118.304,14.35,2.03,ml,24,68,0.2027,0.15,ci,ci39628055,2021-04-25T02:27:55.960Z,"19km NE of Kernville, CA",earthquake,0.28,0.71,0.281,26,automatic,ci,ci
2021-04-25T02:12:35.680Z,19.4654998779297,-155.653671264648,-3.67000007629395,2.6,ml,47,74,,0.270000011,hv,hv72440137,2021-04-25T02:35:44.040Z,"22 km E of Honaunau-Napoopoo, Hawaii",earthquake,0.43,0.180000007,2.82,28,automatic,hv,hv
2021-04-25T02:03:54.860Z,33.5961667,-116.8111667,6.74,0.54,ml,17,84,0.03936,0.12,ci,ci39628039,2021-04-25T02:07:35.080Z,"14km WNW of Anza, CA",earthquake,0.3,0.51,0.15,13,automatic,ci,ci
2021-04-25T01:58:11.240Z,35.6788333,-117.4718333,4.45,1.63,ml,16,149,0.09247,0.2,ci,ci39628023,2021-04-25T02:01:45.380Z,"12km SSW of Searles Valley, CA",earthquake,0.46,0.93,0.102,25,automatic,ci,ci
2021-04-25T01:52:47.212Z,-1.8031,134.3425,36.52,5,mb,,125,2.367,1.32,us,us6000e4ig,2021-04-25T02:11:52.040Z,"108 km SSE of Manokwari, Indonesia",earthquake,10.2,4.3,0.06,87,reviewed,us,us
2021-04-25T01:51:35.586Z,63.1672,-150.4988,115.6,1.8,ml,,,,0.55,ak,ak0215a7pcnh,2021-04-25T01:56:21.941Z,"74 km SE of Denali National Park, Alaska",earthquake,,0.6,,,automatic,ak,ak
2021-04-25T01:49:34.390Z,34.7005,-120.4033333,0.99,2.26,ml,20,79,0.0372,0.29,ci,ci39628015,2021-04-25T14:47:47.004Z,"6km E of Vandenberg Village, CA",earthquake,0.53,31.61,0.114,27,automatic,ci,ci
2021-04-25T01:48:27.397Z,13.7729,-91.7246,44.34,4.3,mb,,189,0.747,1.29,us,us6000e4i8,2021-04-25T02:23:42.040Z,"61 km SSE of Champerico, Guatemala",earthquake,7.8,11.1,0.06,79,reviewed,us,us
2021-04-25T01:47:25.695Z,58.4698,-136.904,4.9,2.4,ml,,,,0.93,ak,ak0215a7ogz2,2021-04-25T04:28:51.889Z,"44 km NW of Elfin Cove, Alaska",ice quake,,0.5,,,automatic,ak,ak
2021-04-25T01:46:44.030Z,33.8011667,-116.0858333,0.56,1.23,ml,15,154,0.1131,0.24,ci,ci39628007,2021-04-25T01:50:21.606Z,"15km NE of Indio, CA",earthquake,0.48,31.61,0.184,27,automatic,ci,ci
2021-04-25T01:32:04.140Z,38.8230019,-122.7851639,1.61,0.92,md,16,79,0.01034,0.02,nc,nc73554125,2021-04-25T01:47:06.148Z,"5km W of Cobb, CA",earthquake,0.22,0.45,0.21,3,automatic,nc,nc
2021-04-25T01:16:02.289Z,64.9523,-146.0712,17.4,1.8,ml,,,,0.93,ak,ak0215a7hrxh,2021-04-25T01:22:17.500Z,"38 km ENE of Pleasant Valley, Alaska",earthquake,,0.2,,,automatic,ak,ak
2021-04-25T01:04:22.298Z,64.5304,-147.1503,17.4,0.9,ml,,,,0.34,ak,ak0215a7f8z9,2021-04-25T01:08:15.212Z,"11 km W of Salcha, Alaska",earthquake,,0.2,,,automatic,ak,ak
2021-04-25T01:03:27.542Z,63.4044,-146.0744,9.9,1.3,ml,,,,0.67,ak,ak0215a7f1o0,2021-04-25T01:08:15.031Z,"42 km NNW of Paxson, Alaska",earthquake,,0.4,,,automatic,ak,ak
2021-04-25T00:51:18.220Z,38.1217,-117.9502,12.5,0.9,ml,10,92.66,0.035,0.1,nn,nn00805723,2021-04-25T01:55:02.004Z,"32 km SSE of Mina, Nevada",earthquake,,0.9,,,automatic,nn,nn
2021-04-25T00:50:57.760Z,19.1935005187988,-155.488830566406,33.2299995422363,2.52,ml,52,72,,0.140000001,hv,hv72440057,2021-04-25T02:50:00.040Z,"1 km SW of Pāhala, Hawaii",earthquake,0.49,0.720000029,3.51,22,automatic,hv,hv
2021-04-25T00:48:59.170Z,36.9912,-117.6758,14.3,2.1,ml,8,343.59,1.234,0.24,nn,nn00805722,2021-04-25T00:53:01.423Z,"51 km ENE of Independence, California",earthquake,,10,,,automatic,nn,nn
2021-04-25T00:48:30.429Z,63.3981,-151.3278,0,1.7,ml,,,,0.69,ak,ak0215a739hg,2021-04-25T00:54:53.148Z,"25 km SE of Denali National Park, Alaska",earthquake,,0.2,,,automatic,ak,ak
2021-04-25T00:46:57.023Z,63.5519,-147.1528,1.6,1.1,ml,,,,0.54,ak,ak0215a72w4m,2021-04-25T00:51:32.185Z,"88 km SW of Delta Junction, Alaska",earthquake,,0.5,,,automatic,ak,ak
2021-04-25T00:40:42.460Z,19.3645000457764,-155.033493041992,2.24000000953674,2.27,ml,36,184,,0.200000003,hv,hv72440042,2021-04-25T00:46:13.890Z,"15 km SE of Fern Forest, Hawaii",earthquake,0.59,0.680000007,3.78,8,automatic,hv,hv
2021-04-25T00:40:13.340Z,36.7804985,-121.4973297,5.99,1.08,md,8,119,0.02729,0.14,nc,nc73554115,2021-04-25T00:51:07.853Z,"8km SSE of San Juan Bautista, CA",earthquake,0.81,0.68,0.2,5,automatic,nc,nc
2021-04-25T00:32:58.130Z,40.3613319,-124.1230011,36.29,2.1,md,9,114,0.02808,0.09,nc,nc73554110,2021-04-25T02:21:09.037Z,"14km ENE of Petrolia, CA",earthquake,1.32,3.48,0.17,8,automatic,nc,nc
2021-04-25T00:30:45.090Z,46.1568333333333,-120.411166666667,18.7,2.14,ml,28,55,0.1634,0.19,uw,uw61717857,2021-04-25T01:01:45.700Z,"19 km NNW of Bickleton, Washington",earthquake,0.32,0.53,0.170723904320367,21,reviewed,uw,uw
2021-04-25T00:30:09.100Z,35.9111667,-117.7298333,8.67,1.17,ml,12,55,0.08087,0.09,ci,ci39627975,2021-04-25T00:33:40.945Z,"16km E of Little Lake, CA",earthquake,0.27,0.71,0.289,11,automatic,ci,ci
2021-04-25T00:28:01.641Z,62.9917,-151.6665,0,0.8,ml,,,,1.21,ak,ak0215a6ywys,2021-04-25T00:31:09.577Z,"61 km S of Denali National Park, Alaska",earthquake,,0.6,,,automatic,ak,ak
2021-04-25T00:26:49.670Z,19.2091674804688,-155.432006835938,34.5499992370605,2.17000008,md,48,134,,0.109999999,hv,hv72440027,2021-04-25T00:30:04.530Z,"Island of Hawaii, Hawaii",earthquake,0.62,0.800000012,0.479999989,25,automatic,hv,hv
2021-04-25T00:16:51.910Z,38.831665,-122.8181686,1.39,0.87,md,22,49,0.0104,0.02,nc,nc73554100,2021-04-25T00:38:08.149Z,"8km NW of The Geysers, CA",earthquake,0.18,0.43,0.19,4,automatic,nc,nc
2021-04-25T00:16:13.890Z,38.8339996,-122.8170013,1.35,1.12,md,21,48,0.01189,0.03,nc,nc73554095,2021-04-25T01:51:08.190Z,"8km NW of The Geysers, CA",earthquake,0.19,0.42,0.16,5,automatic,nc,nc
2021-04-25T00:15:38.550Z,38.8326683,-122.8180008,1.48,1.74,md,32,50,0.01114,0.04,nc,nc73554090,2021-04-25T02:06:07.284Z,"8km NW of The Geysers, CA",earthquake,0.17,0.29,0.12,10,automatic,nc,nc
2021-04-25T00:12:30.500Z,17.948,-67.0008,8,2.59,md,18,223,0.0484,0.11,pr,pr2021115001,2021-04-25T00:56:58.991Z,"5 km ESE of La Parguera, Puerto Rico",earthquake,0.47,0.67,0.3,12,reviewed,pr,pr
2021-04-25T00:06:57.370Z,38.8180008,-122.8228302,2.14,1.18,md,30,47,0.01038,0.02,nc,nc73554085,2021-04-25T01:14:08.979Z,"7km NW of The Geysers, CA",earthquake,0.17,0.33,0.23,6,automatic,nc,nc
2021-04-25T00:05:36.060Z,19.2148342132568,-155.431335449219,33.4700012207031,2.00999999,md,32,146,,0.119999997,hv,hv72439992,2021-04-25T00:08:47.950Z,"5 km ENE of Pāhala, Hawaii",earthquake,0.75,0.860000014,0.930000007,11,automatic,hv,hv
2021-04-25T00:04:56.730Z,33.618,-117.2803333,3.75,1.46,ml,35,40,0.06834,0.2,ci,ci39627967,2021-04-25T00:08:42.281Z,"2km N of Wildomar, CA",earthquake,0.29,0.86,0.103,28,automatic,ci,ci
2021-04-25T00:04:40.410Z,19.2133331298828,-155.434661865234,33.2700004577637,2.08999991,md,27,134,,0.150000006,hv,hv72439987,2021-04-25T00:07:50.270Z,"4 km ENE of Pāhala, Hawaii",earthquake,0.93,0.949999988,2.08999991,4,automatic,hv,hv
2021-04-25T00:03:44.850Z,17.9165,-67.0051,11,2.54,md,18,241,0.0658,0.12,pr,pr2021115000,2021-04-25T00:31:42.889Z,"7 km SE of La Parguera, Puerto Rico",earthquake,0.5,0.31,0.44,15,reviewed,pr,pr
2021-04-24T23:55:35.310Z,38.8344994,-122.8180008,1.36,0.85,md,13,62,0.0127,0.01,nc,nc73554080,2021-04-25T00:48:07.833Z,"8km NW of The Geysers, CA",earthquake,0.26,0.65,,1,automatic,nc,nc
2021-04-24T23:45:40.610Z,19.1968326568604,-155.429336547852,36.060001373291,1.96000004,md,32,151,,0.109999999,hv,hv72439972,2021-04-24T23:48:59.440Z,"5 km E of Pāhala, Hawaii",earthquake,0.82,0.910000026,0.75999999,7,automatic,hv,hv
2021-04-24T23:31:15.410Z,33.5003333,-116.5331667,8.34,0.75,ml,27,51,0.05704,0.2,ci,ci39627951,2021-04-24T23:34:51.933Z,"14km ESE of Anza, CA",earthquake,0.35,0.58,0.108,22,automatic,ci,ci
2021-04-24T23:31:08.331Z,62.7029,-149.5898,72.1,1.1,ml,,,,0.62,ak,ak02158x573e,2021-04-24T23:36:43.063Z,"38 km NE of Chase, Alaska",earthquake,,1.3,,,automatic,ak,ak
2021-04-24T23:19:20.593Z,62.524,-151.19,82.7,1.4,ml,,,,1.01,ak,ak02158x2nej,2021-04-24T23:23:10.782Z,"22 km W of Petersville, Alaska",earthquake,,0.8,,,automatic,ak,ak
2021-04-24T23:19:15.764Z,61.0488,-148.4835,1.9,1.7,ml,,,,1.04,ak,ak02158x2i8o,2021-04-24T23:38:23.462Z,"32 km NNE of Whittier, Alaska",ice quake,,0.4,,,automatic,ak,ak
2021-04-24T23:19:15.133Z,63.4554,-147.4391,27.8,1.6,ml,,,,0.55,ak,ak02158x2mzd,2021-04-24T23:24:51.161Z,"75 km E of Cantwell, Alaska",earthquake,,0.3,,,automatic,ak,ak
2021-04-24T23:16:32.431Z,64.0823,-148.5794,0,1.2,ml,,,,0.56,ak,ak02158x2166,2021-04-24T23:21:30.231Z,"27 km ENE of Ferry, Alaska",earthquake,,0.3,,,automatic,ak,ak
2021-04-24T23:11:18.180Z,35.8981667,-117.7008333,4.79,1.08,ml,8,69,0.08876,0.07,ci,ci39627927,2021-04-24T23:14:53.006Z,"19km ESE of Little Lake, CA",earthquake,0.23,0.52,0.14,9,automatic,ci,ci
2021-04-24T23:08:41.744Z,60.7078,-148.0761,21,1.6,ml,,,,0.93,ak,ak02158x0c5l,2021-04-24T23:19:19.637Z,"34 km ESE of Whittier, Alaska",earthquake,,0.2,,,automatic,ak,ak
2021-04-24T23:01:33.810Z,33.1671667,-115.7288333,8.33,1.53,ml,25,66,0.09053,0.24,ci,ci39627919,2021-04-24T23:05:17.931Z,"18km NW of Westmorland, CA",earthquake,0.43,1.27,0.203,29,automatic,ci,ci
2021-04-24T23:01:02.010Z,36.2075,-117.8821667,4.43,1.53,ml,15,64,0.09242,0.16,ci,ci39627911,2021-04-24T23:04:30.753Z,"14km SE of Olancha, CA",earthquake,0.32,0.74,0.237,19,automatic,ci,ci
2021-04-24T22:57:25.510Z,17.9496,-67.0026,9,3.35,md,24,213,0.0461,0.09,pr,pr2021114011,2021-04-25T02:22:30.760Z,"5 km ESE of La Parguera, Puerto Rico",earthquake,0.4,0.54,0.16,12,reviewed,pr,pr
2021-04-24T22:55:12.065Z,62.7952,-148.7105,55.5,1,ml,,,,0.87,ak,ak02158wow70,2021-04-24T22:59:46.243Z,"67 km S of Cantwell, Alaska",earthquake,,0.7,,,automatic,ak,ak
2021-04-24T22:55:05.363Z,64.9916,-147.4146,6.6,0.8,ml,,,,0.48,ak,ak02158wowek,2021-04-24T22:59:46.063Z,"10 km ENE of Fox, Alaska",earthquake,,0.3,,,automatic,ak,ak
2021-04-24T22:53:37.920Z,38.8053322,-122.8000031,3.02,0.83,md,9,77,0.004518,0.02,nc,nc73554050,2021-04-24T23:10:06.346Z,"5km NW of The Geysers, CA",earthquake,0.49,1.42,,1,automatic,nc,nc
2021-04-24T22:50:55.691Z,69.6809,-145.0098,0,2.5,ml,,,,0.97,ak,ak02158wnxp6,2021-04-24T23:06:57.316Z,"73 km SW of Kaktovik, Alaska",earthquake,,1,,,automatic,ak,ak
2021-04-24T22:46:30.498Z,61.299,-152.2669,8,0.4,ml,,,,0.6,ak,ak02158wn0w9,2021-04-24T22:56:24.770Z,"66 km WNW of Tyonek, Alaska",earthquake,,0.4,,,automatic,ak,ak
2021-04-24T22:43:27.200Z,38.8240013,-122.8546677,2.54,0.82,md,17,94,0.003936,0.02,nc,nc73554045,2021-04-24T23:57:07.531Z,"10km WNW of The Geysers, CA",earthquake,0.27,0.5,0.37,3,automatic,nc,nc
2021-04-24T22:41:14.199Z,67.4384,-159.5428,0.8,1.4,ml,,,,0.49,ak,ak02158wlx23,2021-04-24T22:44:42.694Z,"64 km NE of Kiana, Alaska",earthquake,,0.4,,,automatic,ak,ak
2021-04-24T22:38:16.171Z,66.2866,-157.4563,0,0.9,ml,,,,0.91,ak,ak02158wla29,2021-04-24T22:44:42.850Z,"68 km SSW of Shungnak, Alaska",earthquake,,0.7,,,automatic,ak,ak
2021-04-24T22:31:41.862Z,69.5538,-144.8661,0.9,1.9,ml,,,,0.84,ak,ak02158wju11,2021-04-24T22:35:51.309Z,"80 km SW of Kaktovik, Alaska",earthquake,,0.4,,,automatic,ak,ak
2021-04-24T22:30:37.700Z,38.7976685,-122.7366638,0.96,0.86,md,9,199,0.01441,0.01,nc,nc73554035,2021-04-24T23:31:07.388Z,"3km NE of The Geysers, CA",earthquake,0.53,0.65,,1,automatic,nc,nc
2021-04-24T22:23:29.517Z,63.4585,-147.4713,26,1.1,ml,,,,1.09,ak,ak02158wi3bk,2021-04-24T22:37:31.687Z,"74 km E of Cantwell, Alaska",earthquake,,0.5,,,automatic,ak,ak
2021-04-24T22:21:01.738Z,61.1808,-147.0567,6.8,1.7,ml,,,,1.1,ak,ak02158whlog,2021-04-24T23:36:42.878Z,"38 km W of Valdez, Alaska",ice quake,,0.7,,,automatic,ak,ak
2021-04-24T22:20:06.820Z,38.8033333,-122.7996674,2.77,0.74,md,16,57,0.005749,0.02,nc,nc73554030,2021-04-24T23:05:06.258Z,"5km NW of The Geysers, CA",earthquake,0.35,0.8,0.1,2,automatic,nc,nc
2021-04-24T22:18:00.630Z,17.9308,-66.8813,13,2.54,md,18,208,0.1674,0.14,pr,pr2021114010,2021-04-24T22:44:00.328Z,"5 km S of Maria Antonia, Puerto Rico",earthquake,0.48,0.28,0.28,11,reviewed,pr,pr
2021-04-24T22:03:42.780Z,38.8334999,-122.8174973,1.45,0.85,md,12,68,0.01164,0.01,nc,nc73554025,2021-04-24T22:39:08.098Z,"8km NW of The Geysers, CA",earthquake,0.31,0.65,,1,automatic,nc,nc
2021-04-24T21:49:32.740Z,35.6316667,-117.4156667,6.07,1.28,ml,10,157,0.0589,0.16,ci,ci39627863,2021-04-24T21:53:04.882Z,"15km SSW of Trona, CA",earthquake,0.59,0.95,0.192,15,automatic,ci,ci
2021-04-24T21:19:05.956Z,61.5322,-151.5905,71.4,1.2,ml,,,,1.09,ak,ak02158vvr20,2021-04-24T21:23:42.421Z,"51 km NNW of Beluga, Alaska",earthquake,,0.7,,,automatic,ak,ak
2021-04-24T21:17:42.616Z,14.0585,-92.6933,38,4.5,mb,,167,1.073,0.69,us,us6000e4ga,2021-04-24T22:04:22.040Z,"73 km SW of Brisas Barra de Suchiate, Mexico",earthquake,7.8,11,0.055,96,reviewed,us,us
2021-04-24T21:16:53.310Z,36.0589981,-120.1926651,10.46,2.53,md,35,137,0.1496,0.27,nc,nc73554015,2021-04-24T23:39:06.995Z,"8km NW of Avenal, CA",earthquake,0.62,1.17,0.14,38,automatic,nc,nc
2021-04-24T21:09:18.620Z,34.0066667,-118.0648333,0.95,1.58,ml,20,82,0.04316,0.25,ci,ci39627831,2021-04-24T21:13:17.122Z,"4km E of Montebello, CA",earthquake,0.62,31.61,0.282,33,automatic,ci,ci
2021-04-24T21:01:41.610Z,38.8363342,-122.8188324,0.99,0.85,md,8,94,0.0132,0.02,nc,nc73554010,2021-04-24T21:32:07.735Z,"8km W of Cobb, CA",earthquake,0.33,0.79,,1,automatic,nc,nc
2021-04-24T20:52:46.720Z,39.3701667,-122.9573333,0.76,1.55,md,6,311,0.3133,0.24,nc,nc73554005,2021-04-24T21:58:06.879Z,"4km S of Lake Pillsbury, CA",earthquake,8.05,16.7,0.076,5,reviewed,nc,nc
2021-04-24T20:46:40.824Z,62.0272,-151.0007,52.4,1.5,ml,,,,0.65,ak,ak02158vg6gx,2021-04-24T20:52:18.530Z,"21 km E of Skwentna, Alaska",earthquake,,0.9,,,automatic,ak,ak
2021-04-24T20:44:06.154Z,60.8088,-140.2776,0,1.9,ml,,,,0.83,ak,ak02158vfogw,2021-04-24T20:48:57.634Z,"143 km NNW of Yakutat, Alaska",earthquake,,0.2,,,automatic,ak,ak
2021-04-24T20:20:00.050Z,-1.9708,128.2362,10,4.7,mb,,75,2.859,0.77,us,us6000e4g1,2021-04-24T21:42:03.040Z,"169 km NNW of Amahai, Indonesia",earthquake,7.7,1.9,0.09,37,reviewed,us,us
2021-04-24T20:07:31.418Z,64.621,-149.4191,17.3,1.2,ml,,,,0.57,ak,ak02158v7stw,2021-04-24T20:12:21.697Z,"14 km W of Four Mile Road, Alaska",earthquake,,0.2,,,automatic,ak,ak
2021-04-24T19:59:11.960Z,46.1196667,-111.7801667,5.98,1.33,ml,10,115,0.398,0.11,mb,mb80498999,2021-04-25T14:15:41.640Z,"14 km SW of Radersburg, Montana",earthquake,0.35,8.82,0.175,4,reviewed,mb,mb
2021-04-24T19:58:56.963Z,62.0305,-148.6455,11.6,1.4,ml,,,,0.63,ak,ak02158uxcpo,2021-04-24T20:03:00.329Z,"27 km NNW of Chickaloon, Alaska",earthquake,,0.2,,,automatic,ak,ak
2021-04-24T19:58:04.940Z,38.0998,-118.247,1.3,1,ml,8,206.64,0.181,0.05,nn,nn00805721,2021-04-25T00:51:05.290Z,"34 km SSW of Mina, Nevada",earthquake,,9.2,,,automatic,nn,nn
2021-04-24T19:35:07.832Z,-5.6857,154.4634,87.42,4.4,mb,,99,2.73,0.36,us,us6000e4fy,2021-04-24T21:23:50.040Z,"132 km WNW of Panguna, Papua New Guinea",earthquake,9.5,7.8,0.064,71,reviewed,us,us
2021-04-24T19:28:10.090Z,38.8289986,-122.8550034,2.05,0.37,md,14,62,0.002059,0.02,nc,nc73553985,2021-04-24T19:43:04.109Z,"10km NW of The Geysers, CA",earthquake,0.26,0.48,0.01,2,automatic,nc,nc
2021-04-24T19:28:09.681Z,59.9775,-139.5622,5.8,1.4,ml,,,,1.15,ak,ak02158uqtl4,2021-04-24T20:41:35.972Z,"48 km N of Yakutat, Alaska",ice quake,,0.3,,,automatic,ak,ak
2021-04-24T19:22:41.340Z,38.1395,-118.2415,4.1,1.5,ml,10,188.64,0.164,0.06,nn,nn00805719,2021-04-24T20:00:27.383Z,"30 km SSW of Mina, Nevada",earthquake,,2.8,,,automatic,nn,nn
2021-04-24T19:14:04.170Z,38.7955017,-122.7854996,3.34,0.35,md,13,72,0.002992,0.02,nc,nc73553980,2021-04-24T19:29:05.023Z,"3km NW of The Geysers, CA",earthquake,0.39,0.82,,1,automatic,nc,nc
2021-04-24T19:09:49.280Z,33.2841667,-116.1596667,9.85,1.19,ml,42,43,0.1207,0.21,ci,ci39627783,2021-04-24T21:22:54.870Z,"16km N of Ocotillo Wells, CA",earthquake,0.25,0.81,0.183,28,reviewed,ci,ci
2021-04-24T19:02:07.670Z,33.2896667,-116.2831667,4.07,1.07,ml,33,68,0.07581,0.25,ci,ci39627767,2021-04-24T19:05:51.021Z,"9km ENE of Borrego Springs, CA",earthquake,0.3,0.9,0.217,28,automatic,ci,ci
2021-04-24T18:53:04.470Z,38.0322,-118.1985,4.4,1.1,ml,9,187.58,0.171,0.04,nn,nn00805718,2021-04-24T19:24:04.430Z,"34 km NE of Benton, California",earthquake,,4.9,,,automatic,nn,nn
2021-04-24T18:52:54.520Z,38.8380013,-122.8106689,1.84,0.36,md,9,110,0.01459,0.01,nc,nc73553970,2021-04-24T19:15:06.952Z,"8km WNW of Cobb, CA",earthquake,0.4,1.18,,1,automatic,nc,nc
2021-04-24T18:48:58.640Z,47.5871666666667,-122.4815,27.4,2.17,ml,32,57,0.04491,0.3,uw,uw61717837,2021-04-24T20:21:15.040Z,"5 km SE of Bainbridge Island, Washington",earthquake,0.5,1.09,0.238925735705339,17,reviewed,uw,uw
2021-04-24T18:45:52.590Z,38.8273315,-122.8099976,1.57,0.35,md,9,114,0.003931,0.02,nc,nc73553960,2021-04-24T19:04:05.891Z,"7km NW of The Geysers, CA",earthquake,0.33,1.33,,1,automatic,nc,nc
2021-04-24T18:44:05.375Z,62.9213,-149.4827,68.7,1.4,ml,,,,0.98,ak,ak02158u8t40,2021-04-24T18:49:00.984Z,"58 km SSW of Cantwell, Alaska",earthquake,,0.5,,,automatic,ak,ak
2021-04-24T18:30:08.359Z,63.0012,-149.3168,69.8,1.4,ml,,,,0.83,ak,ak02158u5tbu,2021-04-24T18:35:08.998Z,"47 km SSW of Cantwell, Alaska",earthquake,,0.7,,,automatic,ak,ak
2021-04-24T18:29:18.250Z,62.2803,-148.9753,0,1.7,ml,,,,0.95,ak,ak02158u5mcx,2021-04-24T18:33:28.458Z,"47 km ENE of Susitna North, Alaska",earthquake,,0.6,,,automatic,ak,ak
2021-04-24T18:26:48.412Z,62.0083,-150.3171,47.3,1.2,ml,,,,0.57,ak,ak02158u51jv,2021-04-24T18:35:08.821Z,"29 km SW of Susitna North, Alaska",earthquake,,0.7,,,automatic,ak,ak
2021-04-24T18:25:27.650Z,36.7773323,-121.4971695,6.59,1.57,md,16,115,0.02415,0.14,nc,nc73553950,2021-04-24T20:45:07.473Z,"8km SSE of San Juan Bautista, CA",earthquake,0.51,0.67,0.22,12,automatic,nc,nc
2021-04-24T18:22:11.182Z,61.1738,-151.8859,78.6,0.6,ml,,,,0.65,ak,ak02158u43r4,2021-04-24T18:24:36.338Z,"42 km WNW of Tyonek, Alaska",earthquake,,1.2,,,automatic,ak,ak
2021-04-24T18:21:10.157Z,60.9474,-149.724,35.6,1.3,ml,,,,0.71,ak,ak02158u3vjh,2021-04-24T18:28:27.106Z,"5 km NW of Hope, Alaska",earthquake,,0.5,,,automatic,ak,ak
2021-04-24T18:14:19.192Z,-27.5312,-71.2211,34.97,4.3,mwr,,147,0.683,1.11,us,us6000e4fb,2021-04-25T03:04:55.781Z,"89 km WSW of Copiapó, Chile",earthquake,4,7.2,0.061,26,reviewed,us,us
2021-04-24T18:13:24.323Z,60.2672,-143.8502,35.6,1.2,ml,,,,0.84,ak,ak02158u27dc,2021-04-24T18:17:55.226Z,"109 km ESE of Cordova, Alaska",earthquake,,1.3,,,automatic,ak,ak
2021-04-24T18:11:02.737Z,63.0373,-150.886,96.2,1.1,ml,,,,2.79,ak,ak02158u1q9t,2021-04-24T18:13:34.324Z,"60 km N of Petersville, Alaska",earthquake,,1.2,,,automatic,ak,ak
2021-04-24T18:08:39.633Z,67.4305,-146.5796,3.9,1.5,ml,,,,0.26,ak,ak02158u15yz,2021-04-24T18:15:14.728Z,"46 km N of Venetie, Alaska",earthquake,,0.3,,,automatic,ak,ak
2021-04-24T18:07:55.290Z,38.8206673,-122.8434982,2.04,0.86,md,11,90,0.007052,0.02,nc,nc73553945,2021-04-24T18:21:07.612Z,"9km WNW of The Geysers, CA",earthquake,0.34,0.8,,1,automatic,nc,nc
2021-04-24T18:05:39.020Z,18.0068,-66.8538,12,2.01,md,8,174,0.1941,0.15,pr,pr2021114009,2021-04-24T18:29:23.649Z,"2 km ESE of Palomas, Puerto Rico",earthquake,0.6,0.93,0.02,3,reviewed,pr,pr
2021-04-24T18:05:09.120Z,38.1832,-117.8285,6.4,2,ml,13,65.47,0.026,0.14,nn,nn00805714,2021-04-24T18:22:48.939Z,"33 km SE of Mina, Nevada",earthquake,,0.8,,,automatic,nn,nn
2021-04-24T18:02:40.710Z,38.809166,-122.7819977,-0.12,1.1,md,24,92,0.004214,0.06,nc,nc73553935,2021-04-24T20:20:06.326Z,"4km NNW of The Geysers, CA",earthquake,0.19,0.36,0.14,4,automatic,nc,nc
2021-04-24T18:02:11.720Z,36.7719994,-121.4934998,7.15,2.81,md,61,48,0.01848,0.17,nc,nc73553930,2021-04-25T05:26:57.849Z,"9km SSE of San Juan Bautista, CA",earthquake,0.24,0.45,0.1,81,automatic,nc,nc
2021-04-24T18:00:32.729Z,13.8006,57.1081,10,5.6,mww,,35,11.119,1.3,us,us6000e4f6,2021-04-25T15:33:37.141Z,"Owen Fracture Zone region",earthquake,8.9,1.8,0.069,20,reviewed,us,us
2021-04-24T17:58:31.866Z,59.9255,-153.4938,117,1.4,ml,,,,0.49,ak,ak02158tqfl6,2021-04-24T18:05:12.843Z,"37 km ENE of Pedro Bay, Alaska",earthquake,,0.4,,,automatic,ak,ak
2021-04-24T17:58:27.020Z,38.8279991,-122.8111649,1.39,1.41,md,27,39,0.004676,0.05,nc,nc73553925,2021-04-24T19:39:08.084Z,"7km NW of The Geysers, CA",earthquake,0.19,0.33,,5,automatic,nc,nc
2021-04-24T17:57:56.250Z,36.7723351,-121.4929962,6.94,2.41,md,43,48,0.01879,0.17,nc,nc73553920,2021-04-24T19:12:04.937Z,"9km SSE of San Juan Bautista, CA",earthquake,0.3,0.52,0.17,39,automatic,nc,nc
2021-04-24T17:50:01.920Z,17.9288,-66.9326,10,2.48,md,18,213,0.1188,0.2,pr,pr2021114008,2021-04-24T18:19:51.650Z,"5 km SSW of Guánica, Puerto Rico",earthquake,0.59,0.81,0.24,11,reviewed,pr,pr
2021-04-24T17:49:23.879Z,60.1221,-151.2579,79.4,1.3,ml,,,,0.82,ak,ak02158tohkc,2021-04-24T18:03:02.417Z,"14 km SSE of Clam Gulch, Alaska",earthquake,,1.4,,,automatic,ak,ak
2021-04-24T17:48:55.646Z,61.7708,-149.6958,34.3,1.4,ml,,,,0.83,ak,ak02158toc89,2021-04-24T17:57:41.354Z,"16 km NNE of Houston, Alaska",earthquake,,0.2,,,automatic,ak,ak
2021-04-24T17:41:57.800Z,60.2494,-152.8606,120.3,1.2,ml,,,,0.57,ak,ak02158tmudd,2021-04-24T20:38:14.969Z,"69 km WNW of Ninilchik, Alaska",earthquake,,1.3,,,reviewed,ak,ak
2021-04-24T17:38:25.920Z,38.8320007,-122.8191681,1.36,1.33,md,24,51,0.01115,0.03,nc,nc73553910,2021-04-24T18:57:09.842Z,"8km NW of The Geysers, CA",earthquake,0.18,0.4,0.13,6,automatic,nc,nc
2021-04-24T17:37:13.540Z,33.726,-116.7088333,17.29,0.64,ml,17,165,0.01545,0.14,ci,ci39627719,2021-04-24T21:22:06.930Z,"2km SSE of Idyllwild, CA",earthquake,0.43,0.63,0.1,16,reviewed,ci,ci
2021-04-24T17:35:06.228Z,61.3409,-146.8928,7,1.9,ml,,,,0.8,ak,ak02158tlg4d,2021-04-24T17:43:39.016Z,"37 km NW of Valdez, Alaska",earthquake,,0.2,,,automatic,ak,ak
2021-04-24T17:33:31.490Z,17.9481,-67.0043,8,2.42,md,22,216,0.0453,0.12,pr,pr2021114007,2021-04-24T17:49:34.420Z,"5 km ESE of La Parguera, Puerto Rico",earthquake,0.4,0.53,0.33,11,reviewed,pr,pr
2021-04-24T17:22:33.170Z,33.411,-116.3441667,12.4,1.06,ml,29,94,0.05647,0.23,ci,ci39627703,2021-04-24T17:26:18.809Z,"18km N of Borrego Springs, CA",earthquake,0.34,0.76,0.118,26,automatic,ci,ci
2021-04-24T17:10:00.542Z,62.9277,-148.3355,15.6,0.7,ml,,,,0.49,ak,ak02158tg2s6,2021-04-24T17:13:04.994Z,"60 km SSE of Cantwell, Alaska",earthquake,,0.3,,,automatic,ak,ak
2021-04-24T17:07:07.800Z,46.8835,-112.5116667,11.17,1.18,ml,16,96,0.045,0.15,mb,mb80498969,2021-04-25T14:24:24.300Z,"15 km ESE of Lincoln, Montana",earthquake,0.43,0.51,0.212,5,reviewed,mb,mb
2021-04-24T16:56:58.488Z,36.4301,68.5916,54.16,4.4,mb,,114,1.738,0.97,us,us6000e4er,2021-04-24T19:42:52.040Z,"34 km NNW of Baghlān, Afghanistan",earthquake,7.4,9.1,0.149,13,reviewed,us,us
2021-04-24T16:45:20.430Z,62.4905,-150.0269,4.1,1.2,ml,,,,1.07,ak,ak02158t26te,2021-04-24T16:56:22.932Z,"6 km NE of Chase, Alaska",earthquake,,0.5,,,automatic,ak,ak
2021-04-24T16:33:55.150Z,19.2064990997314,-155.450164794922,36.4700012207031,1.91999996,md,37,148,,0.119999997,hv,hv72439627,2021-04-24T16:37:16.750Z,"Island of Hawaii, Hawaii",earthquake,0.75,0.920000017,0.959999979,3,automatic,hv,hv
2021-04-24T16:29:27.190Z,37.4333,-117.0987,7.8,0.9,ml,15,137.27,0.177,0.11,nn,nn00805711,2021-04-24T18:06:06.692Z,"32 km SSE of Goldfield, Nevada",earthquake,,10.6,,,automatic,nn,nn
2021-04-24T16:28:41.100Z,39.2883333,-123.1078333,9.19,1.41,md,8,292,0.1712,0.02,nc,nc73553905,2021-04-24T18:31:05.673Z,"9km ENE of Redwood Valley, CA",earthquake,0.81,1.42,0.2,9,reviewed,nc,nc
2021-04-24T16:16:57.009Z,61.657,-150.8259,77,1.2,ml,,,,0.71,ak,ak02158sw1tw,2021-04-24T16:48:31.503Z,"20 km NW of Susitna, Alaska",earthquake,,0.6,,,automatic,ak,ak
2021-04-24T16:10:55.344Z,69.7202,-143.8807,12.7,1.5,ml,,,,0.54,ak,ak02158surem,2021-04-24T16:20:18.193Z,"46 km SSW of Kaktovik, Alaska",earthquake,,0.2,,,automatic,ak,ak
2021-04-24T16:09:47.200Z,38.8341675,-122.7986679,2.07,0.46,md,15,55,0.007759,0.01,nc,nc73553900,2021-04-24T16:45:08.096Z,"7km WNW of Cobb, CA",earthquake,0.29,0.74,0.39,2,automatic,nc,nc
2021-04-24T16:05:54.579Z,61.2105,-150.3165,44.7,2,ml,,,,0.72,ak,ak02158stoqk,2021-04-24T16:20:17.846Z,"22 km W of Anchorage, Alaska",earthquake,,0.6,,,automatic,ak,ak
2021-04-24T16:02:45.156Z,31.65345244,-104.3123677,6.157275391,3,ml,29,66,0.1212110559,0.3,tx,tx2021hzrp,2021-04-24T16:15:08.546Z,"58 km S of Whites City, New Mexico",earthquake,1.359675338,2.119975461,0.1,19,reviewed,tx,tx
2021-04-24T15:54:42.610Z,36.2843323,-120.8596649,10.18,2.62,md,35,107,0.08302,0.11,nc,nc73553895,2021-04-24T19:11:22.609Z,"22km SW of New Idria, CA",earthquake,0.34,0.74,0.21,46,automatic,nc,nc
2021-04-24T15:47:34.272Z,61.3278,-150.455,53.4,1.3,ml,,,,0.56,ak,ak02158sh7nz,2021-04-24T15:52:02.024Z,"24 km S of Susitna, Alaska",earthquake,,0.5,,,automatic,ak,ak
2021-04-24T15:46:41.565Z,58.5234,-137.1744,0,1.8,ml,,,,0.26,ak,ak02158sh0ik,2021-04-24T16:10:16.066Z,"60 km NW of Elfin Cove, Alaska",ice quake,,0,,,reviewed,ak,ak
